"","bin_sizes","AUCs"
"1",10,0.831157174522276
"2",20,0.840127248070604
"3",50,0.839261793976917
"4",100,0.83999328878235
"5",250,0.83910698568511
"6",500,0.835751689859136
